{
    "Year2025": 
    [
  {
    "month": "January",
    "week": 1,
    "days": [
      {"day": 1, "dayName": "Wednesday"},
      {"day": 2, "dayName": "Thursday"},
      {"day": 3, "dayName": "Friday"},
      {"day": 4, "dayName": "Saturday"},
      {"day": 5, "dayName": "Sunday"},
      {"day": 6, "dayName": "Monday"},
      {"day": 7, "dayName": "Tuesday"}
    ]
  },
  {
    "month": "January",
    "week": 2,
    "days": [
      {"day": 8, "dayName": "Wednesday"},
      {"day": 9, "dayName": "Thursday"},
      {"day": 10, "dayName": "Friday"},
      {"day": 11, "dayName": "Saturday"},
      {"day": 12, "dayName": "Sunday"},
      {"day": 13, "dayName": "Monday"},
      {"day": 14, "dayName": "Tuesday"}
    ]
  },
  {
    "month": "January",
    "week": 3,
    "days": [
      {"day": 15, "dayName": "Wednesday"},
      {"day": 16, "dayName": "Thursday"},
      {"day": 17, "dayName": "Friday"},
      {"day": 18, "dayName": "Saturday"},
      {"day": 19, "dayName": "Sunday"},
      {"day": 20, "dayName": "Monday"},
      {"day": 21, "dayName": "Tuesday"}
    ]
  },
  {
    "month": "January",
    "week": 4,
    "days": [
      {"day": 22, "dayName": "Wednesday"},
      {"day": 23, "dayName": "Thursday"},
      {"day": 24, "dayName": "Friday"},
      {"day": 25, "dayName": "Saturday"},
      {"day": 26, "dayName": "Sunday"},
      {"day": 27, "dayName": "Monday"},
      {"day": 28, "dayName": "Tuesday"}
    ]
  },
  {
    "month": "January",
    "week": 5,
    "days": [
      {"day": 29, "dayName": "Wednesday"},
      {"day": 30, "dayName": "Thursday"},
      {"day": 31, "dayName": "Friday"}
    ]
  },
  {
    "month": "February",
    "week": 1,
    "days": [
      {"day": 1, "dayName": "Saturday"},
      {"day": 2, "dayName": "Sunday"},
      {"day": 3, "dayName": "Monday"},
      {"day": 4, "dayName": "Tuesday"},
      {"day": 5, "dayName": "Wednesday"},
      {"day": 6, "dayName": "Thursday"},
      {"day": 7, "dayName": "Friday"}
    ]
  },
  {
    "month": "February",
    "week": 2,
    "days": [
      {"day": 8, "dayName": "Saturday"},
      {"day": 9, "dayName": "Sunday"},
      {"day": 10, "dayName": "Monday"},
      {"day": 11, "dayName": "Tuesday"},
      {"day": 12, "dayName": "Wednesday"},
      {"day": 13, "dayName": "Thursday"},
      {"day": 14, "dayName": "Friday"}
    ]
  },
  {
    "month": "February",
    "week": 3,
    "days": [
      {"day": 15, "dayName": "Saturday"},
      {"day": 16, "dayName": "Sunday"},
      {"day": 17, "dayName": "Monday"},
      {"day": 18, "dayName": "Tuesday"},
      {"day": 19, "dayName": "Wednesday"},
      {"day": 20, "dayName": "Thursday"},
      {"day": 21, "dayName": "Friday"}
    ]
  },
  {
    "month": "February",
    "week": 4,
    "days": [
      {"day": 22, "dayName": "Saturday"},
      {"day": 23, "dayName": "Sunday"},
      {"day": 24, "dayName": "Monday"},
      {"day": 25, "dayName": "Tuesday"},
      {"day": 26, "dayName": "Wednesday"},
      {"day": 27, "dayName": "Thursday"},
      {"day": 28, "dayName": "Friday"}
    ]
  },
  {
    "month": "March",
    "week": 1,
    "days": [
      {"day": 1, "dayName": "Saturday"},
      {"day": 2, "dayName": "Sunday"},
      {"day": 3, "dayName": "Monday"},
      {"day": 4, "dayName": "Tuesday"},
      {"day": 5, "dayName": "Wednesday"},
      {"day": 6, "dayName": "Thursday"},
      {"day": 7, "dayName": "Friday"}
    ]
  },
  {
    "month": "March",
    "week": 2,
    "days": [
      {"day": 8, "dayName": "Saturday"},
      {"day": 9, "dayName": "Sunday"},
      {"day": 10, "dayName": "Monday"},
      {"day": 11, "dayName": "Tuesday"},
      {"day": 12, "dayName": "Wednesday"},
      {"day": 13, "dayName": "Thursday"},
      {"day": 14, "dayName": "Friday"}
    ]
  },
  {
    "month": "March",
    "week": 3,
    "days": [
      {"day": 15, "dayName": "Saturday"},
      {"day": 16, "dayName": "Sunday"},
      {"day": 17, "dayName": "Monday"},
      {"day": 18, "dayName": "Tuesday"},
      {"day": 19, "dayName": "Wednesday"},
      {"day": 20, "dayName": "Thursday"},
      {"day": 21, "dayName": "Friday"}
    ]
  },
  {
    "month": "March",
    "week": 4,
    "days": [
      {"day": 22, "dayName": "Saturday"},
      {"day": 23, "dayName": "Sunday"},
      {"day": 24, "dayName": "Monday"},
      {"day": 25, "dayName": "Tuesday"},
      {"day": 26, "dayName": "Wednesday"},
      {"day": 27, "dayName": "Thursday"},
      {"day": 28, "dayName": "Friday"}
    ]
  },
  {
    "month": "March",
    "week": 5,
    "days": [
      {"day": 29, "dayName": "Saturday"},
      {"day": 30, "dayName": "Sunday"},
      {"day": 31, "dayName": "Monday"}
    ]
  },
  {
    "month": "April",
    "week": 1,
    "days": [
      {"day": 1, "dayName": "Tuesday"},
      {"day": 2, "dayName": "Wednesday"},
      {"day": 3, "dayName": "Thursday"},
      {"day": 4, "dayName": "Friday"},
      {"day": 5, "dayName": "Saturday"},
      {"day": 6, "dayName": "Sunday"},
      {"day": 7, "dayName": "Monday"}
    ]
  },
  {
    "month": "April",
    "week": 2,
    "days": [
      {"day": 8, "dayName": "Tuesday"},
      {"day": 9, "dayName": "Wednesday"},
      {"day": 10, "dayName": "Thursday"},
      {"day": 11, "dayName": "Friday"},
      {"day": 12, "dayName": "Saturday"},
      {"day": 13, "dayName": "Sunday"},
      {"day": 14, "dayName": "Monday"}
    ]
  },
  
  {
    "month": "April",
    "week": 3,
    "days": [
      {"day": 15, "dayName": "Tuesday"},
      {"day": 16, "dayName": "Wednesday"},
      {"day": 17, "dayName": "Thursday"},
      {"day": 18, "dayName": "Friday"},
      {"day": 19, "dayName": "Saturday"},
      {"day": 20, "dayName": "Sunday"},
      {"day": 21, "dayName": "Monday"}
    ]
  },
  {
    "month": "April",
    "week": 4,
    "days": [
      {"day": 22, "dayName": "Tuesday"},
      {"day": 23, "dayName": "Wednesday"},
      {"day": 24, "dayName": "Thursday"},
      {"day": 25, "dayName": "Friday"},
      {"day": 26, "dayName": "Saturday"},
      {"day": 27, "dayName": "Sunday"},
      {"day": 28, "dayName": "Monday"}
    ]
  },
  {
    "month": "April",
    "week": 5,
    "days": [
      {"day": 29, "dayName": "Tuesday"},
      {"day": 30, "dayName": "Wednesday"}
    ]
  },
  {
    "month": "May",
    "week": 1,
    "days": [
      {"day": 1, "dayName": "Thursday"},
      {"day": 2, "dayName": "Friday"},
      {"day": 3, "dayName": "Saturday"},
      {"day": 4, "dayName": "Sunday"},
      {"day": 5, "dayName": "Monday"},
      {"day": 6, "dayName": "Tuesday"},
      {"day": 7, "dayName": "Wednesday"}
    ]
  },
  {
    "month": "May",
    "week": 2,
    "days": [
      {"day": 8, "dayName": "Thursday"},
      {"day": 9, "dayName": "Friday"},
      {"day": 10, "dayName": "Saturday"},
      {"day": 11, "dayName": "Sunday"},
      {"day": 12, "dayName": "Monday"},
      {"day": 13, "dayName": "Tuesday"},
      {"day": 14, "dayName": "Wednesday"}
    ]
  },
  {
    "month": "May",
    "week": 3,
    "days": [
      {"day": 15, "dayName": "Thursday"},
      {"day": 16, "dayName": "Friday"},
      {"day": 17, "dayName": "Saturday"},
      {"day": 18, "dayName": "Sunday"},
      {"day": 19, "dayName": "Monday"},
      {"day": 20, "dayName": "Tuesday"},
      {"day": 21, "dayName": "Wednesday"}
    ]
  },
  {
    "month": "May",
    "week": 4,
    "days": [
      {"day": 22, "dayName": "Thursday"},
      {"day": 23, "dayName": "Friday"},
      {"day": 24, "dayName": "Saturday"},
      {"day": 25, "dayName": "Sunday"},
      {"day": 26, "dayName": "Monday"},
      {"day": 27, "dayName": "Tuesday"},
      {"day": 28, "dayName": "Wednesday"}
    ]
  },
  {
    "month": "May",
    "week": 5,
    "days": [
      {"day": 29, "dayName": "Thursday"},
      {"day": 30, "dayName": "Friday"},
      {"day": 31, "dayName": "Saturday"}
    ]
  },
  {
    "month": "June",
    "week": 1,
    "days": [
      {"day": 1, "dayName": "Sunday"},
      {"day": 2, "dayName": "Monday"},
      {"day": 3, "dayName": "Tuesday"},
      {"day": 4, "dayName": "Wednesday"},
      {"day": 5, "dayName": "Thursday"},
      {"day": 6, "dayName": "Friday"},
      {"day": 7, "dayName": "Saturday"}
    ]
  },
  {
    "month": "June",
    "week": 2,
    "days": [
      {"day": 8, "dayName": "Sunday"},
      {"day": 9, "dayName": "Monday"},
      {"day": 10, "dayName": "Tuesday"},
      {"day": 11, "dayName": "Wednesday"},
      {"day": 12, "dayName": "Thursday"},
      {"day": 13, "dayName": "Friday"},
      {"day": 14, "dayName": "Saturday"}
    ]
  },
  {
    "month": "June",
    "week": 3,
    "days": [
      {"day": 15, "dayName": "Sunday"},
      {"day": 16, "dayName": "Monday"},
      {"day": 17, "dayName": "Tuesday"},
      {"day": 18, "dayName": "Wednesday"},
      {"day": 19, "dayName": "Thursday"},
      {"day": 20, "dayName": "Friday"},
      {"day": 21, "dayName": "Saturday"}
    ]
  },
  {
    "month": "June",
    "week": 4,
    "days": [
      {"day": 22, "dayName": "Sunday"},
      {"day": 23, "dayName": "Monday"},
      {"day": 24, "dayName": "Tuesday"},
      {"day": 25, "dayName": "Wednesday"},
      {"day": 26, "dayName": "Thursday"},
      {"day": 27, "dayName": "Friday"},
      {"day": 28, "dayName": "Saturday"}
    ]
  },
  {
    "month": "June",
    "week": 5,
    "days": [
      {"day": 29, "dayName": "Sunday"},
      {"day": 30, "dayName": "Monday"}
    ]
  },
  {
    "month": "July",
    "week": 1,
    "days": [
      {"day": 1, "dayName": "Tuesday"},
      {"day": 2, "dayName": "Wednesday"},
      {"day": 3, "dayName": "Thursday"},
      {"day": 4, "dayName": "Friday"},
      {"day": 5, "dayName": "Saturday"},
      {"day": 6, "dayName": "Sunday"},
      {"day": 7, "dayName": "Monday"}
    ]
  },
 {
    "month": "July",
    "week": 2,
    "days": [
      {"day": 8, "dayName": "Tuesday"},
      {"day": 9, "dayName": "Wednesday"},
      {"day": 10, "dayName": "Thursday"},
      {"day": 11, "dayName": "Friday"},
      {"day": 12, "dayName": "Saturday"},
      {"day": 13, "dayName": "Sunday"},
      {"day": 14, "dayName": "Monday"}
    ]
  },
  {
    "month": "July",
    "week": 3,
    "days": [
      {"day": 15, "dayName": "Tuesday"},
      {"day": 16, "dayName": "Wednesday"},
      {"day": 17, "dayName": "Thursday"},
      {"day": 18, "dayName": "Friday"},
      {"day": 19, "dayName": "Saturday"},
      {"day": 20, "dayName": "Sunday"},
      {"day": 21, "dayName": "Monday"}
    ]
  },
  {
    "month": "July",
    "week": 4,
    "days": [
      {"day": 22, "dayName": "Tuesday"},
      {"day": 23, "dayName": "Wednesday"},
      {"day": 24, "dayName": "Thursday"},
      {"day": 25, "dayName": "Friday"},
      {"day": 26, "dayName": "Saturday"},
      {"day": 27, "dayName": "Sunday"},
      {"day": 28, "dayName": "Monday"}
    ]
  },
  {
    "month": "July",
    "week": 5,
    "days": [
      {"day": 29, "dayName": "Tuesday"},
      {"day": 30, "dayName": "Wednesday"},
      {"day": 31, "dayName": "Thursday"}
    ]
  },
  {
    "month": "August",
    "week": 1,
    "days": [
      {"day": 1, "dayName": "Friday"},
      {"day": 2, "dayName": "Saturday"},
      {"day": 3, "dayName": "Sunday"},
      {"day": 4, "dayName": "Monday"},
      {"day": 5, "dayName": "Tuesday"},
      {"day": 6, "dayName": "Wednesday"},
      {"day": 7, "dayName": "Thursday"}
    ]
  },
  {
    "month": "August",
    "week": 2,
    "days": [
      {"day": 8, "dayName": "Friday"},
      {"day": 9, "dayName": "Saturday"},
      {"day": 10, "dayName": "Sunday"},
      {"day": 11, "dayName": "Monday"},
      {"day": 12, "dayName": "Tuesday"},
      {"day": 13, "dayName": "Wednesday"},
      {"day": 14, "dayName": "Thursday"}
    ]
  },
  {
    "month": "August",
    "week": 3,
    "days": [
      {"day": 15, "dayName": "Friday"},
      {"day": 16, "dayName": "Saturday"},
      {"day": 17, "dayName": "Sunday"},
      {"day": 18, "dayName": "Monday"},
      {"day": 19, "dayName": "Tuesday"},
      {"day": 20, "dayName": "Wednesday"},
      {"day": 21, "dayName": "Thursday"}
    ]
  },
  {
    "month": "August",
    "week": 4,
    "days": [
      {"day": 22, "dayName": "Friday"},
      {"day": 23, "dayName": "Saturday"},
      {"day": 24, "dayName": "Sunday"},
      {"day": 25, "dayName": "Monday"},
      {"day": 26, "dayName": "Tuesday"},
      {"day": 27, "dayName": "Wednesday"},
      {"day": 28, "dayName": "Thursday"}
    ]
  },
  {
    "month": "August",
    "week": 5,
    "days": [
      {"day": 29, "dayName": "Friday"},
      {"day": 30, "dayName": "Saturday"},
      {"day": 31, "dayName": "Sunday"}
    ]
  },
  {
    "month": "September",
    "week": 1,
    "days": [
      {"day": 1, "dayName": "Monday"},
      {"day": 2, "dayName": "Tuesday"},
      {"day": 3, "dayName": "Wednesday"},
      {"day": 4, "dayName": "Thursday"},
      {"day": 5, "dayName": "Friday"},
      {"day": 6, "dayName": "Saturday"},
      {"day": 7, "dayName": "Sunday"}
    ]
  },
  {
    "month": "September",
    "week": 2,
    "days": [
      {"day": 8, "dayName": "Monday"},
      {"day": 9, "dayName": "Tuesday"},
      {"day": 10, "dayName": "Wednesday"},
      {"day": 11, "dayName": "Thursday"},
      {"day": 12, "dayName": "Friday"},
      {"day": 13, "dayName": "Saturday"},
      {"day": 14, "dayName": "Sunday"}
    ]
  },
  {
    "month": "September",
    "week": 3,
    "days": [
      {"day": 15, "dayName": "Monday"},
      {"day": 16, "dayName": "Tuesday"},
      {"day": 17, "dayName": "Wednesday"},
      {"day": 18, "dayName": "Thursday"},
      {"day": 19, "dayName": "Friday"},
      {"day": 20, "dayName": "Saturday"},
      {"day": 21, "dayName": "Sunday"}
    ]
  },
  {
    "month": "September",
    "week": 4,
    "days": [
      {"day": 22, "dayName": "Monday"},
      {"day": 23, "dayName": "Tuesday"},
      {"day": 24, "dayName": "Wednesday"},
      {"day": 25, "dayName": "Thursday"},
      {"day": 26, "dayName": "Friday"},
      {"day": 27, "dayName": "Saturday"},
      {"day": 28, "dayName": "Sunday"}
    ]
  },
  {
    "month": "September",
    "week": 5,
    "days": [
      {"day": 29, "dayName": "Monday"},
      {"day": 30, "dayName": "Tuesday"}
    ]
  },
  {
    "month": "October",
    "week": 1,
    "days": [
      {"day": 1, "dayName": "Wednesday"},
      {"day": 2, "dayName": "Thursday"},
      {"day": 3, "dayName": "Friday"},
      {"day": 4, "dayName": "Saturday"},
      {"day": 5, "dayName": "Sunday"},
      {"day": 6, "dayName": "Monday"},
      {"day": 7, "dayName": "Tuesday"}
    ]
  },
  {
    "month": "October",
    "week": 2,
    "days": [
      {"day": 8, "dayName": "Wednesday"},
      {"day": 9, "dayName": "Thursday"},
      {"day": 10, "dayName": "Friday"},
      {"day": 11, "dayName": "Saturday"},
      {"day": 12, "dayName": "Sunday"},
      {"day": 13, "dayName": "Monday"},
      {"day": 14, "dayName": "Tuesday"}
    ]
  },
  {
    "month": "October",
    "week": 3,
    "days": [
      {"day": 15, "dayName": "Wednesday"},
      {"day": 16, "dayName": "Thursday"},
      {"day": 17, "dayName": "Friday"},
      {"day": 18, "dayName": "Saturday"},
      {"day": 19, "dayName": "Sunday"},
      {"day": 20, "dayName": "Monday"},
      {"day": 21, "dayName": "Tuesday"}
    ]
  },
  {
    "month": "October",
    "week": 4,
    "days": [
      {"day": 22, "dayName": "Wednesday"},
      {"day": 23, "dayName": "Thursday"},
      {"day": 24, "dayName": "Friday"},
      {"day": 25, "dayName": "Saturday"},
      {"day": 26, "dayName": "Sunday"},
      {"day": 27, "dayName": "Monday"},
      {"day": 28, "dayName": "Tuesday"} 
 ]
}, {
    "month": "October",
    "week": 5,
    "days": [
      {"day": 29, "dayName": "Wednesday"},
      {"day": 30, "dayName": "Thursday"},
      {"day": 31, "dayName": "Friday"}
    ]
  },
  {
    "month": "November",
    "week": 1,
    "days": [
      {"day": 1, "dayName": "Saturday"},
      {"day": 2, "dayName": "Sunday"},
      {"day": 3, "dayName": "Monday"},
      {"day": 4, "dayName": "Tuesday"},
      {"day": 5, "dayName": "Wednesday"},
      {"day": 6, "dayName": "Thursday"},
      {"day": 7, "dayName": "Friday"}
    ]
  },
  {
    "month": "November",
    "week": 2,
    "days": [
      {"day": 8, "dayName": "Saturday"},
      {"day": 9, "dayName": "Sunday"},
      {"day": 10, "dayName": "Monday"},
      {"day": 11, "dayName": "Tuesday"},
      {"day": 12, "dayName": "Wednesday"},
      {"day": 13, "dayName": "Thursday"},
      {"day": 14, "dayName": "Friday"}
    ]
  },
  {
    "month": "November",
    "week": 3,
    "days": [
      {"day": 15, "dayName": "Saturday"},
      {"day": 16, "dayName": "Sunday"},
      {"day": 17, "dayName": "Monday"},
      {"day": 18, "dayName": "Tuesday"},
      {"day": 19, "dayName": "Wednesday"},
      {"day": 20, "dayName": "Thursday"},
      {"day": 21, "dayName": "Friday"}
    ]
  },
  {
    "month": "November",
    "week": 4,
    "days": [
      {"day": 22, "dayName": "Saturday"},
      {"day": 23, "dayName": "Sunday"},
      {"day": 24, "dayName": "Monday"},
      {"day": 25, "dayName": "Tuesday"},
      {"day": 26, "dayName": "Wednesday"},
      {"day": 27, "dayName": "Thursday"},
      {"day": 28, "dayName": "Friday"}
    ]
  },
  {
    "month": "November",
    "week": 5,
    "days": [
      {"day": 29, "dayName": "Saturday"},
      {"day": 30, "dayName": "Sunday"}
    ]
  },
  {
    "month": "December",
    "week": 1,
    "days": [
      {"day": 1, "dayName": "Monday"},
      {"day": 2, "dayName": "Tuesday"},
      {"day": 3, "dayName": "Wednesday"},
      {"day": 4, "dayName": "Thursday"},
      {"day": 5, "dayName": "Friday"},
      {"day": 6, "dayName": "Saturday"},
      {"day": 7, "dayName": "Sunday"}
    ]
  },
  {
    "month": "December",
    "week": 2,
    "days": [
      {"day": 8, "dayName": "Monday"},
      {"day": 9, "dayName": "Tuesday"},
      {"day": 10, "dayName": "Wednesday"},
      {"day": 11, "dayName": "Thursday"},
      {"day": 12, "dayName": "Friday"},
      {"day": 13, "dayName": "Saturday"},
      {"day": 14, "dayName": "Sunday"}
    ]
  },
  {
    "month": "December",
    "week": 3,
    "days": [
      {"day": 15, "dayName": "Monday"},
      {"day": 16, "dayName": "Tuesday"},
      {"day": 17, "dayName": "Wednesday"},
      {"day": 18, "dayName": "Thursday"},
      {"day": 19, "dayName": "Friday"},
      {"day": 20, "dayName": "Saturday"},
      {"day": 21, "dayName": "Sunday"}
    ]
  },
  {
    "month": "December",
    "week": 4,
    "days": [
      {"day": 22, "dayName": "Monday"},
      {"day": 23, "dayName": "Tuesday"},
      {"day": 24, "dayName": "Wednesday"},
      {"day": 25, "dayName": "Thursday"},
      {"day": 26, "dayName": "Friday"},
      {"day": 27, "dayName": "Saturday"},
      {"day": 28, "dayName": "Sunday"}
    ]
  },
  {
    "month": "December",
    "week": 5,
    "days": [
      {"day": 29, "dayName": "Monday"},
      {"day": 30, "dayName": "Tuesday"},
      {"day": 31, "dayName": "Wednesday"}
    ]
  }
]
}